Clients,Accuracy
3,0.96446
5,0.96381
8,0.96193
10,0.96081
15,0.95604
