Rounds,Log Size (KB)
10,3.4033203125
50,17.30078125
100,34.669921875
500,174.0146484375
