Run,Accuracy,Macro F1
1,0.9647,0.9644547235165095
2,0.96485,0.9646090750499864
3,0.9649300000000001,0.9646847969662528
4,0.96459,0.9643373260827355
5,0.9645699999999999,0.9643034271268084
