Scenario,Trust Mean,Trust 95% CI Half-Width,FedAvg Mean,FedAvg 95% CI Half-Width
NO DRIFT,0.9638499999999999,0.0026507418066107472,0.9603399999999999,0.0012404217127519378
MILD DRIFT,0.9647,0.0014088920154541637,0.95015,0.0017422054765389322
SEVERE DRIFT,0.9647,0.0014088920154541637,0.94431,0.0022647182081542527
