Scenario,Trust Acc,FedAvg Acc,Trust Macro F1,FedAvg Macro F1
NO DRIFT,0.9638499999999999,0.9603399999999999,0.9635783007168055,0.9599782501055593
MILD DRIFT,0.9647,0.95015,0.9644547235165095,0.9496400821622144
SEVERE DRIFT,0.9647,0.94431,0.9644547235165095,0.9437946957322005
