Fold,Client,Trust Score
1,0,0.91887
1,1,0.89885
1,2,0.90389
1,3,0.90631
1,4,0.89763
1,5,0.90026
1,6,0.89945
1,7,0.88954
2,0,0.95795
2,1,0.9329
2,2,0.94
2,3,0.94332
2,4,0.93682
2,5,0.94524
2,6,0.92679
2,7,0.92823
3,0,0.96222
3,1,0.94152
3,2,0.94669
3,3,0.94774
3,4,0.94128
3,5,0.94286
3,6,0.93981
3,7,0.94243
4,0,0.96225
4,1,0.94482
4,2,0.95238
4,3,0.94992
4,4,0.9364
4,5,0.94642
4,6,0.94039
4,7,0.93546
5,0,0.95625
5,1,0.94761
5,2,0.95124
5,3,0.95582
5,4,0.94214
5,5,0.94147
5,6,0.93772
5,7,0.94199
